district,constnum,constituency,maoist,uml,nepalicongress,turnout_2008,candidate_avgage,winnerage,per_femalecandidates,per_malecandidates,winnergender,Unnamed: 0_x,Winner1,vote_2013,Winner1 Name,Winner 2,Vote of Winner2,Winner2 Name,Winner3,Vote of Winner3,Winner3 Name,winning_party_2013,turnout_2013,Age_x,Unnamed: 0_y,CandidateName,Gender,Age_y,PartyID,SymbolID,SymbolName,PoliticalPartyName,ElectionPost,State,SCConstID,CenterConstID,SerialNo,vote_2017,CastedVote,TotalVoters,Rank,Remarks,Samudaya,winning_party_2017,turnout_2017,winning_party_2008,WVotes
achham,1,achham 1,29.04,38.86,25.98,54.53,40.57,40,0.0,100.0,M,,,0,,,,,,,,,,,,,,,,,,,,,,,,0.0,,,,,,,,uml,2119.0358
achham,2,achham 2,32.35,27.04,21.0,52.82,45.5,32,0.0,100.0,M,,,0,,,,,,,,,,,,,,,,,,,,,,,,0.0,,,,,,,,maoist,1708.727
arghakhanchi,1,arghakhanchi 1,35.54,19.85,21.64,55.34,44.75,46,12.5,87.5,M,,,0,,,,,,,,,,,,,,,,,,,,,,,,0.0,,,,,,,,maoist,1966.7836
arghakhanchi,2,arghakhanchi 2,25.44,29.48,33.72,52.05,44.33,46,16.67,83.33,F,,,0,,,,,,,,,,,,,,,,,,,,,,,,0.0,,,,,,,,nepalicongress,1755.126
baglung,1,baglung 1,30.47,27.92,24.72,60.01,46.7,48,10.0,90.0,M,,,0,,,,,,,,,,,,,,,,,,,,,,,,0.0,,,,,,,,maoist,1828.5046999999997
baglung,2,baglung 2,19.98,8.56,27.38,55.29,47.0,66,10.0,90.0,M,,,0,,,,,,,,,,,,,,,,,,,,,,,,0.0,,,,,,,,nepalicongress,1513.8401999999999
baglung,3,baglung 3,18.79,15.15,29.04,51.97,45.88,49,12.5,87.5,M,,,0,,,,,,,,,,,,,,,,,,,,,,,,0.0,,,,,,,,nepalicongress,1509.2087999999999
baitadi,1,baitadi 1,55.36,15.13,13.66,56.28,43.38,37,0.0,100.0,M,,,0,,,,,,,,,,,,,,,,,,,,,,,,0.0,,,,,,,,maoist,3115.6608
baitadi,2,baitadi 2,44.86,14.03,19.89,44.37,47.0,27,18.18,81.82,F,,,0,,,,,,,,,,,,,,,,,,,,,,,,0.0,,,,,,,,maoist,1990.4382
bajhang,1,bajhang 1,31.34,33.48,26.21,59.11,46.33,49,0.0,100.0,M,,,0,,,,,,,,,,,,,,,,,,,,,,,,0.0,,,,,,,,uml,1979.0028
bajhang,2,bajhang 2,38.08,25.72,21.25,51.45,45.67,50,0.0,100.0,M,,,0,,,,,,,,,,,,,,,,,,,,,,,,0.0,,,,,,,,maoist,1959.216
bajura,1,bajura 1,22.97,33.42,35.43,66.61,38.9,44,0.0,100.0,M,,,0,,,,,,,,,,,,,,,,,,,,,,,,0.0,,,,,,,,nepalicongress,2359.9923
banke,1,banke 1,35.2,20.3,18.65,67.49,47.39,57,5.56,94.44,M,,,0,,,,,,,,,,,,,,,,,,,,,,,,0.0,,,,,,,,maoist,2375.648
banke,2,banke 2,9.9,11.45,10.61,64.92,46.06,28,11.76,88.24,M,,,0,,,,,,,,,,,,,,,,,,,,,,,,0.0,,,,,,,,uml,743.334
banke,3,banke 3,16.45,10.33,17.22,64.69,46.11,48,5.56,94.44,M,,,0,,,,,,,,,,,,,,,,,,,,,,,,0.0,,,,,,,,nepalicongress,1113.9618
banke,4,banke 4,30.63,25.63,17.44,64.19,45.6,48,15.0,85.0,F,,,0,,,,,,,,,,,,,,,,,,,,,,,,0.0,,,,,,,,maoist,1966.1397000000002
bara,1,bara 1,15.34,13.03,13.43,69.4,41.25,34,0.0,100.0,M,,,0,,,,,,,,,,,,,,,,,,,,,,,,0.0,,,,,,,,maoist,1064.5960000000002
bara,2,bara 2,14.31,7.3,15.45,66.94,49.53,41,0.0,100.0,M,,,0,,,,,,,,,,,,,,,,,,,,,,,,0.0,,,,,,,,nepalicongress,1034.223
bara,3,bara 3,7.07,13.12,12.09,61.02,41.14,29,10.71,89.29,M,,,0,,,,,,,,,,,,,,,,,,,,,,,,0.0,,,,,,,,uml,800.5823999999999
bara,4,bara 4,12.77,18.89,17.62,69.66,39.74,38,0.0,100.0,M,,,0,,,,,,,,,,,,,,,,,,,,,,,,0.0,,,,,,,,uml,1315.8774
bara,5,bara 5,15.66,31.69,27.38,67.95,41.0,39,0.0,100.0,M,,,0,,,,,,,,,,,,,,,,,,,,,,,,0.0,,,,,,,,uml,2153.3355
bara,6,bara 6,32.93,29.48,12.13,59.62,42.96,35,13.04,86.96,M,,,0,,,,,,,,,,,,,,,,,,,,,,,,0.0,,,,,,,,maoist,1963.2866
bardiya,1,bardiya 1,40.0,28.65,15.74,63.63,44.93,38,21.43,78.57,F,,,0,,,,,,,,,,,,,,,,,,,,,,,,0.0,,,,,,,,maoist,2545.2000000000003
bardiya,2,bardiya 2,39.34,11.97,15.39,66.9,44.89,35,10.53,89.47,M,,,0,,,,,,,,,,,,,,,,,,,,,,,,0.0,,,,,,,,maoist,2631.8460000000005
bardiya,3,bardiya 3,53.0,16.84,18.62,65.3,44.6,41,6.67,93.33,M,,,0,,,,,,,,,,,,,,,,,,,,,,,,0.0,,,,,,,,maoist,3460.9
bardiya,4,bardiya 4,55.97,10.64,17.28,65.17,42.62,50,15.38,84.62,M,,,0,,,,,,,,,,,,,,,,,,,,,,,,0.0,,,,,,,,maoist,3647.5649
bhaktapur,1,bhaktapur 1,22.54,13.27,14.94,70.98,42.91,67,4.35,95.65,M,,,0,,,,,,,,,,,,,,,,,,,,,,,,0.0,,,,,,,,maoist,1599.8891999999998
bhaktapur,2,bhaktapur 2,19.32,17.61,21.42,72.65,47.95,42,15.0,85.0,M,,,0,,,,,,,,,,,,,,,,,,,,,,,,0.0,,,,,,,,nepalicongress,1556.1630000000005
bhojpur,1,bhojpur 1,35.46,18.9,30.02,46.71,46.5,41,25.0,75.0,M,,,0,,,,,,,,,,,,,,,,,,,,,,,,0.0,,,,,,,,maoist,1656.3366
bhojpur,2,bhojpur 2,38.39,25.5,19.94,45.05,41.14,29,0.0,100.0,M,,,0,,,,,,,,,,,,,,,,,,,,,,,,0.0,,,,,,,,maoist,1729.4695000000002
chitwan,1,chitwan 1,32.18,32.68,19.55,60.16,43.08,44,30.77,69.23,M,,,0,,,,,,,,,,,,,,,,,,,,,,,,0.0,,,,,,,,uml,1966.0287999999998
chitwan,2,chitwan 2,43.99,20.57,23.82,63.87,44.18,53,18.18,81.82,M,,,0,,,,,,,,,,,,,,,,,,,,,,,,0.0,,,,,,,,maoist,2809.6413000000002
chitwan,3,chitwan 3,41.22,19.87,26.38,54.96,52.0,52,31.25,68.75,M,,,0,,,,,,,,,,,,,,,,,,,,,,,,0.0,,,,,,,,maoist,2265.4512
chitwan,4,chitwan 4,42.96,12.39,31.69,61.46,51.67,54,8.33,91.67,M,,,0,,,,,,,,,,,,,,,,,,,,,,,,0.0,,,,,,,,maoist,2640.3215999999998
chitwan,5,chitwan 5,32.65,19.54,17.26,59.33,47.64,64,9.09,90.91,M,,,0,,,,,,,,,,,,,,,,,,,,,,,,0.0,,,,,,,,maoist,1937.1245000000001
dadeldhura,1,dadeldhura 1,25.19,17.94,37.55,51.66,44.73,60,0.0,100.0,M,,,0,,,,,,,,,,,,,,,,,,,,,,,,0.0,,,,,,,,nepalicongress,1939.8329999999996
dailekh,1,dailekh 1,25.36,28.41,32.05,57.77,46.0,64,9.09,90.91,M,,,0,,,,,,,,,,,,,,,,,,,,,,,,0.0,,,,,,,,nepalicongress,1851.5284999999997
dailekh,2,dailekh 2,21.29,30.24,26.57,58.17,48.89,41,11.11,88.89,M,,,0,,,,,,,,,,,,,,,,,,,,,,,,0.0,,,,,,,,uml,1759.0608
dang,1,dang 1,41.26,11.55,22.69,57.33,43.07,28,0.0,100.0,M,,,0,,,,,,,,,,,,,,,,,,,,,,,,0.0,,,,,,,,maoist,2365.4357999999997
dang,2,dang 2,51.32,12.91,17.83,58.43,46.92,36,15.38,84.62,F,,,0,,,,,,,,,,,,,,,,,,,,,,,,0.0,,,,,,,,maoist,2998.6276
dang,3,dang 3,46.55,12.76,25.77,57.23,44.85,48,7.69,92.31,M,,,0,,,,,,,,,,,,,,,,,,,,,,,,0.0,,,,,,,,maoist,2664.0564999999997
dang,4,dang 4,41.59,14.14,29.03,58.33,44.29,69,11.76,88.24,M,,,0,,,,,,,,,,,,,,,,,,,,,,,,0.0,,,,,,,,maoist,2425.9447000000005
dang,5,dang 5,39.97,12.82,36.17,58.4,40.77,41,15.38,84.62,F,,,0,,,,,,,,,,,,,,,,,,,,,,,,0.0,,,,,,,,maoist,2334.248
darchula,1,darchula 1,42.31,21.99,22.54,61.88,41.0,30,0.0,100.0,M,,,0,,,,,,,,,,,,,,,,,,,,,,,,0.0,,,,,,,,maoist,2618.1428
dhading,1,dhading 1,52.42,13.62,15.55,59.15,45.0,54,0.0,100.0,M,,,0,,,,,,,,,,,,,,,,,,,,,,,,0.0,,,,,,,,maoist,3100.643
dhading,2,dhading 2,31.45,30.65,28.32,61.42,42.0,33,4.76,95.24,F,,,0,,,,,,,,,,,,,,,,,,,,,,,,0.0,,,,,,,,maoist,1931.659
dhading,3,dhading 3,40.88,26.58,15.65,60.35,41.64,36,7.14,92.86,M,,,0,,,,,,,,,,,,,,,,,,,,,,,,0.0,,,,,,,,maoist,2467.108
dhankuta,1,dhankuta 1,39.76,30.8,15.71,57.24,51.45,32,0.0,100.0,M,,,0,,,,,,,,,,,,,,,,,,,,,,,,0.0,,,,,,,,maoist,2275.8623999999995
dhankuta,2,dhankuta 2,35.26,31.57,9.15,55.62,52.0,39,11.11,88.89,M,,,0,,,,,,,,,,,,,,,,,,,,,,,,0.0,,,,,,,,maoist,1961.1611999999998
dhanusha,1,dhanusha 1,16.19,27.15,16.44,57.24,46.45,51,10.0,90.0,M,,,0,,,,,,,,,,,,,,,,,,,,,,,,0.0,,,,,,,,uml,1554.0659999999998
dhanusha,2,dhanusha 2,17.46,17.41,20.61,58.95,41.17,46,4.17,95.83,M,,,0,,,,,,,,,,,,,,,,,,,,,,,,0.0,,,,,,,,nepalicongress,1214.9595
dhanusha,3,dhanusha 3,4.1,23.19,36.6,60.6,43.97,50,3.45,96.55,M,,,0,,,,,,,,,,,,,,,,,,,,,,,,0.0,,,,,,,,nepalicongress,2217.96
dhanusha,4,dhanusha 4,6.2,18.21,11.99,50.81,42.44,31,5.88,94.12,M,,,0,,,,,,,,,,,,,,,,,,,,,,,,0.0,,,,,,,,uml,925.2501000000001
dhanusha,5,dhanusha 5,12.49,14.8,24.76,59.97,44.96,62,0.0,100.0,M,,,0,,,,,,,,,,,,,,,,,,,,,,,,0.0,,,,,,,,nepalicongress,1484.8572000000001
dhanusha,6,dhanusha 6,25.82,20.04,19.66,55.99,41.43,53,4.76,95.24,F,,,0,,,,,,,,,,,,,,,,,,,,,,,,0.0,,,,,,,,maoist,1445.6617999999999
dhanusha,7,dhanusha 7,13.06,24.44,17.45,60.29,40.92,37,4.17,95.83,M,,,0,,,,,,,,,,,,,,,,,,,,,,,,0.0,,,,,,,,uml,1473.4876
dolakha,1,dolakha 1,43.05,25.12,23.14,60.89,39.75,28,31.25,68.75,F,,,0,,,,,,,,,,,,,,,,,,,,,,,,0.0,,,,,,,,maoist,2621.3145
dolakha,2,dolakha 2,41.67,26.08,18.46,51.7,40.53,38,0.0,100.0,M,,,0,,,,,,,,,,,,,,,,,,,,,,,,0.0,,,,,,,,maoist,2154.339
dolpa,1,dolpa 1,55.99,14.87,10.47,76.35,42.14,41,0.0,100.0,M,,,0,,,,,,,,,,,,,,,,,,,,,,,,0.0,,,,,,,,maoist,4274.8365
doti,1,doti 1,23.21,31.15,32.33,49.0,47.75,51,0.0,100.0,M,,,0,,,,,,,,,,,,,,,,,,,,,,,,0.0,,,,,,,,nepalicongress,1584.1699999999998
doti,2,doti 2,31.02,26.37,23.21,46.38,40.0,29,0.0,100.0,M,,,0,,,,,,,,,,,,,,,,,,,,,,,,0.0,,,,,,,,maoist,1438.7076
gorkha,1,gorkha 1,63.63,7.99,15.51,64.08,46.33,29,11.11,88.89,F,,,0,,,,,,,,,,,,,,,,,,,,,,,,0.0,,,,,,,,maoist,4077.4103999999998
gorkha,2,gorkha 2,72.93,4.74,11.52,66.25,51.6,53,20.0,80.0,M,,,0,,,,,,,,,,,,,,,,,,,,,,,,0.0,,,,,,,,maoist,4831.6125
gorkha,3,gorkha 3,59.35,11.47,16.67,56.99,46.38,35,0.0,100.0,M,,,0,,,,,,,,,,,,,,,,,,,,,,,,0.0,,,,,,,,maoist,3382.3565000000003
gulmi,1,gulmi 1,32.47,26.27,27.51,48.25,46.0,31,22.22,77.78,M,,,0,,,,,,,,,,,,,,,,,,,,,,,,0.0,,,,,,,,maoist,1566.6775
gulmi,2,gulmi 2,16.64,39.88,35.26,51.37,49.91,46,0.0,100.0,M,,,0,,,,,,,,,,,,,,,,,,,,,,,,0.0,,,,,,,,uml,2048.6356
gulmi,3,gulmi 3,35.28,32.17,21.9,52.75,42.44,33,0.0,100.0,M,,,0,,,,,,,,,,,,,,,,,,,,,,,,0.0,,,,,,,,maoist,1861.02
humla,1,humla 1,56.57,13.67,20.16,77.97,45.0,36,8.33,91.67,M,,,0,,,,,,,,,,,,,,,,,,,,,,,,0.0,,,,,,,,maoist,4410.7629
ilam,1,ilam 1,22.74,34.14,28.07,63.84,45.17,58,8.33,91.67,M,,,0,,,,,,,,,,,,,,,,,,,,,,,,0.0,,,,,,,,uml,2179.4975999999997
ilam,2,ilam 2,20.26,33.95,29.88,61.34,43.82,55,0.0,100.0,M,,,0,,,,,,,,,,,,,,,,,,,,,,,,0.0,,,,,,,,uml,2082.493
ilam,3,ilam 3,17.86,32.52,35.53,63.75,51.56,73,11.11,88.89,M,,,0,,,,,,,,,,,,,,,,,,,,,,,,0.0,,,,,,,,nepalicongress,2265.0375
jajarkot,1,jajarkot 1,50.74,16.95,17.76,67.08,47.38,49,25.0,75.0,M,,,0,,,,,,,,,,,,,,,,,,,,,,,,0.0,,,,,,,,maoist,3403.6392000000005
jajarkot,2,jajarkot 2,38.73,26.54,24.33,65.97,48.75,45,0.0,100.0,M,,,0,,,,,,,,,,,,,,,,,,,,,,,,0.0,,,,,,,,maoist,2555.0181
jhapa,1,jhapa 1,31.31,26.85,26.51,53.97,47.67,62,6.67,93.33,M,,,0,,,,,,,,,,,,,,,,,,,,,,,,0.0,,,,,,,,maoist,1689.8007
jhapa,2,jhapa 2,36.3,19.0,24.19,53.84,44.29,47,11.76,88.24,M,,,0,,,,,,,,,,,,,,,,,,,,,,,,0.0,,,,,,,,maoist,1954.392
jhapa,3,jhapa 3,31.66,17.88,25.55,57.65,46.93,43,7.14,92.86,M,,,0,,,,,,,,,,,,,,,,,,,,,,,,0.0,,,,,,,,maoist,1825.199
jhapa,4,jhapa 4,32.51,25.11,26.76,56.57,50.43,35,14.29,85.71,F,,,0,,,,,,,,,,,,,,,,,,,,,,,,0.0,,,,,,,,maoist,1839.0907
jhapa,5,jhapa 5,24.47,19.36,24.07,56.92,49.57,64,0.0,100.0,M,,,0,,,,,,,,,,,,,,,,,,,,,,,,0.0,,,,,,,,maoist,1392.8324
jhapa,6,jhapa 6,23.62,27.79,20.26,59.35,46.0,48,14.29,85.71,M,,,0,,,,,,,,,,,,,,,,,,,,,,,,0.0,,,,,,,,uml,1649.3365
jhapa,7,jhapa 7,30.73,25.82,19.28,53.35,43.25,32,5.0,95.0,M,,,0,,,,,,,,,,,,,,,,,,,,,,,,0.0,,,,,,,,maoist,1639.4455
jumla,1,jumla 1,46.86,13.95,21.31,68.8,43.9,29,0.0,100.0,M,,,0,,,,,,,,,,,,,,,,,,,,,,,,0.0,,,,,,,,maoist,3223.9680000000003
kailali,1,kailali 1,45.58,11.96,18.81,54.76,38.73,29,20.0,80.0,F,,,0,,,,,,,,,,,,,,,,,,,,,,,,0.0,,,,,,,,maoist,2495.9608
kailali,2,kailali 2,45.8,21.05,19.49,55.41,40.08,36,7.69,92.31,M,,,0,,,,,,,,,,,,,,,,,,,,,,,,0.0,,,,,,,,maoist,2537.778
kailali,3,kailali 3,39.72,10.2,12.1,67.44,46.93,34,20.0,80.0,M,,,0,,,,,,,,,,,,,,,,,,,,,,,,0.0,,,,,,,,maoist,2678.7168
kailali,4,kailali 4,53.93,12.69,15.7,61.97,43.46,29,7.69,92.31,M,,,0,,,,,,,,,,,,,,,,,,,,,,,,0.0,,,,,,,,maoist,3342.0421
kailali,5,kailali 5,37.45,18.03,29.77,54.53,44.14,48,14.29,85.71,M,,,0,,,,,,,,,,,,,,,,,,,,,,,,0.0,,,,,,,,maoist,2042.1485000000002
kailali,6,kailali 6,33.14,21.65,25.61,52.6,45.18,31,23.53,76.47,F,,,0,,,,,,,,,,,,,,,,,,,,,,,,0.0,,,,,,,,maoist,1743.1640000000002
kalikot,1,kalikot 1,48.51,16.67,17.34,67.61,49.73,39,0.0,100.0,M,,,0,,,,,,,,,,,,,,,,,,,,,,,,0.0,,,,,,,,maoist,3279.7610999999997
kanchanpur,1,kanchanpur 1,32.31,18.84,26.21,61.62,41.38,26,0.0,100.0,M,,,0,,,,,,,,,,,,,,,,,,,,,,,,0.0,,,,,,,,maoist,1990.9422
kanchanpur,2,kanchanpur 2,42.65,10.52,23.39,54.52,39.75,31,6.25,93.75,M,,,0,,,,,,,,,,,,,,,,,,,,,,,,0.0,,,,,,,,maoist,2325.278
kanchanpur,3,kanchanpur 3,40.8,15.64,25.03,53.06,45.29,26,5.88,94.12,M,,,0,,,,,,,,,,,,,,,,,,,,,,,,0.0,,,,,,,,maoist,2164.848
kanchanpur,4,kanchanpur 4,33.05,16.88,34.73,52.33,43.06,60,22.22,77.78,M,,,0,,,,,,,,,,,,,,,,,,,,,,,,0.0,,,,,,,,nepalicongress,1817.4208999999996
kapilvastu,1,kapilvastu 1,26.74,26.13,27.0,62.22,44.13,57,0.0,100.0,M,,,0,,,,,,,,,,,,,,,,,,,,,,,,0.0,,,,,,,,nepalicongress,1679.94
kapilvastu,2,kapilvastu 2,18.99,6.23,16.71,51.6,38.89,51,5.26,94.74,M,,,0,,,,,,,,,,,,,,,,,,,,,,,,0.0,,,,,,,,maoist,979.8839999999999
kapilvastu,3,kapilvastu 3,13.1,3.83,15.83,54.4,44.06,37,11.76,88.24,M,,,0,,,,,,,,,,,,,,,,,,,,,,,,0.0,,,,,,,,nepalicongress,861.1519999999999
kapilvastu,4,kapilvastu 4,15.09,7.97,11.85,63.11,42.62,40,0.0,100.0,M,,,0,,,,,,,,,,,,,,,,,,,,,,,,0.0,,,,,,,,maoist,952.3299000000001
kapilvastu,5,kapilvastu 5,15.14,5.38,13.95,65.55,42.4,25,4.0,96.0,M,,,0,,,,,,,,,,,,,,,,,,,,,,,,0.0,,,,,,,,maoist,992.427
kaski,1,kaski 1,32.46,29.39,28.05,53.93,53.38,49,0.0,100.0,M,,,0,,,,,,,,,,,,,,,,,,,,,,,,0.0,,,,,,,,maoist,1750.5678
kaski,2,kaski 2,33.72,25.45,25.24,55.22,45.67,30,33.33,66.67,M,,,0,,,,,,,,,,,,,,,,,,,,,,,,0.0,,,,,,,,maoist,1862.0184
kaski,3,kaski 3,33.14,30.63,24.32,54.19,47.94,39,17.65,82.35,M,,,0,,,,,,,,,,,,,,,,,,,,,,,,0.0,,,,,,,,maoist,1795.8566
kaski,4,kaski 4,34.38,28.25,25.35,53.5,40.92,26,16.67,83.33,F,,,0,,,,,,,,,,,,,,,,,,,,,,,,0.0,,,,,,,,maoist,1839.3300000000002
kathmandu,1,kathmandu 1,18.19,21.01,36.41,59.25,47.77,52,22.86,77.14,M,,,0,,,,,,,,,,,,,,,,,,,,,,,,0.0,,,,,,,,nepalicongress,2157.2925
kathmandu,2,kathmandu 10,43.99,19.36,23.2,64.16,40.92,46,19.23,80.77,M,,,0,,,,,,,,,,,,,,,,,,,,,,,,0.0,,,,,,,,maoist,2822.3984
kathmandu,3,kathmandu 2,32.31,25.14,23.87,63.18,42.03,50,19.35,80.65,M,,,0,,,,,,,,,,,,,,,,,,,,,,,,0.0,,,,,,,,maoist,2041.3458
kathmandu,4,kathmandu 3,27.72,26.53,28.84,59.81,43.39,66,21.43,78.57,F,,,0,,,,,,,,,,,,,,,,,,,,,,,,0.0,,,,,,,,nepalicongress,1724.9204
kathmandu,5,kathmandu 4,25.02,23.99,30.51,59.74,44.47,54,21.05,78.95,M,,,0,,,,,,,,,,,,,,,,,,,,,,,,0.0,,,,,,,,nepalicongress,1822.6674000000003
kathmandu,6,kathmandu 5,23.7,24.92,29.47,61.7,45.13,44,21.88,78.13,M,,,0,,,,,,,,,,,,,,,,,,,,,,,,0.0,,,,,,,,nepalicongress,1818.2989999999998
kathmandu,7,kathmandu 6,29.74,24.55,26.09,60.56,41.83,48,20.0,80.0,F,,,0,,,,,,,,,,,,,,,,,,,,,,,,0.0,,,,,,,,maoist,1801.0544
kathmandu,8,kathmandu 7,30.24,21.65,20.82,58.26,44.67,41,16.67,83.33,M,,,0,,,,,,,,,,,,,,,,,,,,,,,,0.0,,,,,,,,maoist,1761.7824
kathmandu,9,kathmandu 8,19.15,20.57,26.18,62.8,42.5,62,20.83,79.17,M,,,0,,,,,,,,,,,,,,,,,,,,,,,,0.0,,,,,,,,nepalicongress,1644.1039999999998
kathmandu,10,kathmandu 9,27.76,23.04,24.42,74.48,45.08,52,12.0,88.0,M,,,0,,,,,,,,,,,,,,,,,,,,,,,,0.0,,,,,,,,maoist,2067.5648
kavrepalanchok,1,kavrepalanchok 1,53.69,16.57,13.68,60.36,42.47,37,6.67,93.33,M,,,0,,,,,,,,,,,,,,,,,,,,,,,,0.0,,,,,,,,maoist,3240.7283999999995
kavrepalanchok,2,kavrepalanchok 2,36.54,24.51,21.02,62.0,44.27,37,13.33,86.67,M,,,0,,,,,,,,,,,,,,,,,,,,,,,,0.0,,,,,,,,maoist,2265.48
kavrepalanchok,3,kavrepalanchok 3,29.79,29.86,25.41,66.77,40.31,54,6.25,93.75,M,,,0,,,,,,,,,,,,,,,,,,,,,,,,0.0,,,,,,,,uml,1993.7522
kavrepalanchok,4,kavrepalanchok 4,40.53,28.68,15.3,61.45,47.53,46,6.67,93.33,M,,,0,,,,,,,,,,,,,,,,,,,,,,,,0.0,,,,,,,,maoist,2490.5685
khotang,1,khotang 1,37.95,20.63,20.18,45.2,43.6,39,0.0,100.0,M,,,0,,,,,,,,,,,,,,,,,,,,,,,,0.0,,,,,,,,maoist,1715.34
khotang,2,khotang 2,38.59,23.57,22.37,47.45,43.38,28,25.0,75.0,F,,,0,,,,,,,,,,,,,,,,,,,,,,,,0.0,,,,,,,,maoist,1831.0955000000001
lalitpur,1,lalitpur 1,33.41,23.28,26.38,70.25,39.61,36,13.04,86.96,M,,,0,,,,,,,,,,,,,,,,,,,,,,,,0.0,,,,,,,,maoist,2347.0525
lalitpur,2,lalitpur 2,32.87,20.09,25.55,64.97,41.8,29,16.0,84.0,M,,,0,,,,,,,,,,,,,,,,,,,,,,,,0.0,,,,,,,,maoist,2135.5639
lalitpur,3,lalitpur 3,33.02,18.24,20.48,60.82,44.27,45,6.06,93.94,F,,,0,,,,,,,,,,,,,,,,,,,,,,,,0.0,,,,,,,,maoist,2008.2764000000002
lamjung,1,lamjung 1,42.32,20.68,23.79,57.33,45.86,37,14.29,85.71,M,,,0,,,,,,,,,,,,,,,,,,,,,,,,0.0,,,,,,,,maoist,2426.2056000000002
lamjung,2,lamjung 2,24.81,36.52,31.97,55.63,43.0,50,14.29,85.71,M,,,0,,,,,,,,,,,,,,,,,,,,,,,,0.0,,,,,,,,uml,2031.6076
mahottari,1,mahottari 1,11.19,19.74,14.43,59.48,45.0,51,10.0,90.0,M,,,0,,,,,,,,,,,,,,,,,,,,,,,,0.0,,,,,,,,uml,1174.1352
mahottari,2,mahottari 2,13.31,11.71,16.55,58.16,39.81,43,0.0,100.0,M,,,0,,,,,,,,,,,,,,,,,,,,,,,,0.0,,,,,,,,nepalicongress,962.548
mahottari,3,mahottari 3,11.58,23.52,12.43,56.07,44.92,64,7.69,92.31,M,,,0,,,,,,,,,,,,,,,,,,,,,,,,0.0,,,,,,,,uml,1318.7664
mahottari,4,mahottari 4,17.49,12.98,8.98,55.02,41.93,37,7.41,92.59,M,,,0,,,,,,,,,,,,,,,,,,,,,,,,0.0,,,,,,,,maoist,962.2997999999999
mahottari,5,mahottari 5,12.81,17.14,18.85,60.98,45.13,36,0.0,100.0,M,,,0,,,,,,,,,,,,,,,,,,,,,,,,0.0,,,,,,,,nepalicongress,1149.473
mahottari,6,mahottari 6,18.87,2.3,14.2,62.8,39.89,50,7.41,92.59,M,,,0,,,,,,,,,,,,,,,,,,,,,,,,0.0,,,,,,,,maoist,1185.036
makwanpur,1,makwanpur 1,48.26,21.43,15.29,57.66,45.18,36,9.09,90.91,M,,,0,,,,,,,,,,,,,,,,,,,,,,,,0.0,,,,,,,,maoist,2782.6715999999997
makwanpur,2,makwanpur 2,43.05,27.27,7.93,57.75,41.82,35,18.18,81.82,M,,,0,,,,,,,,,,,,,,,,,,,,,,,,0.0,,,,,,,,maoist,2486.1375
makwanpur,3,makwanpur 3,38.61,26.19,15.07,57.99,49.47,36,20.0,80.0,M,,,0,,,,,,,,,,,,,,,,,,,,,,,,0.0,,,,,,,,maoist,2238.9939
makwanpur,4,makwanpur 4,38.98,29.86,11.17,53.24,42.38,28,15.38,84.62,F,,,0,,,,,,,,,,,,,,,,,,,,,,,,0.0,,,,,,,,maoist,2075.2952
manang,1,manang 1,33.97,8.89,41.16,39.26,55.0,51,0.0,100.0,M,,,0,,,,,,,,,,,,,,,,,,,,,,,,0.0,,,,,,,,nepalicongress,1615.9415999999999
morang,1,morang 1,16.73,17.99,21.88,62.44,44.32,72,10.53,89.47,M,,,0,,,,,,,,,,,,,,,,,,,,,,,,0.0,,,,,,,,nepalicongress,1366.1872
morang,2,morang 2,34.4,26.08,20.57,54.58,49.89,37,0.0,100.0,M,,,0,,,,,,,,,,,,,,,,,,,,,,,,0.0,,,,,,,,maoist,1877.552
morang,3,morang 3,30.21,21.5,21.8,57.65,45.17,43,5.56,94.44,M,,,0,,,,,,,,,,,,,,,,,,,,,,,,0.0,,,,,,,,maoist,1741.6065
morang,4,morang 4,18.93,13.32,18.54,65.47,40.63,43,18.75,81.25,M,,,0,,,,,,,,,,,,,,,,,,,,,,,,0.0,,,,,,,,maoist,1239.3471
morang,5,morang 5,9.45,6.29,18.2,69.94,49.47,48,11.76,88.24,M,,,0,,,,,,,,,,,,,,,,,,,,,,,,0.0,,,,,,,,nepalicongress,1272.908
morang,6,morang 6,11.12,14.75,25.69,63.58,42.83,57,4.17,95.83,M,,,0,,,,,,,,,,,,,,,,,,,,,,,,0.0,,,,,,,,nepalicongress,1633.3702
morang,7,morang 7,12.67,12.52,26.85,65.14,48.08,53,15.38,84.62,M,,,0,,,,,,,,,,,,,,,,,,,,,,,,0.0,,,,,,,,nepalicongress,1749.009
morang,8,morang 8,33.2,29.59,19.71,59.64,44.75,33,0.0,100.0,M,,,0,,,,,,,,,,,,,,,,,,,,,,,,0.0,,,,,,,,maoist,1980.048
morang,9,morang 9,32.33,26.86,22.61,54.78,47.91,47,9.09,90.91,M,,,0,,,,,,,,,,,,,,,,,,,,,,,,0.0,,,,,,,,maoist,1771.0374
mugu,1,mugu 1,38.91,24.79,21.34,73.39,47.91,38,0.0,100.0,M,,,0,,,,,,,,,,,,,,,,,,,,,,,,0.0,,,,,,,,maoist,2855.6049
mustang,1,mustang 1,13.24,39.3,35.83,50.4,42.6,53,20.0,80.0,M,,,0,,,,,,,,,,,,,,,,,,,,,,,,0.0,,,,,,,,uml,1980.7199999999998
myagdi,1,myagdi 1,42.92,26.73,15.88,55.43,37.8,43,10.0,90.0,M,,,0,,,,,,,,,,,,,,,,,,,,,,,,0.0,,,,,,,,maoist,2379.0556
nawalparasi,1,nawalparasi 1,31.81,17.57,35.7,59.46,48.55,51,27.27,72.73,M,,,0,,,,,,,,,,,,,,,,,,,,,,,,0.0,,,,,,,,nepalicongress,2122.722
nawalparasi,2,nawalparasi 2,29.68,24.92,27.77,56.65,47.0,50,7.69,92.31,M,,,0,,,,,,,,,,,,,,,,,,,,,,,,0.0,,,,,,,,maoist,1681.372
nawalparasi,3,nawalparasi 3,34.61,24.18,22.15,56.53,44.47,30,29.41,70.59,F,,,0,,,,,,,,,,,,,,,,,,,,,,,,0.0,,,,,,,,maoist,1956.5033
nawalparasi,4,nawalparasi 4,26.99,17.03,11.37,60.2,47.88,42,12.5,87.5,M,,,0,,,,,,,,,,,,,,,,,,,,,,,,0.0,,,,,,,,maoist,1624.7979999999998
nawalparasi,5,nawalparasi 5,22.3,7.36,18.0,65.71,43.85,51,5.0,95.0,M,,,0,,,,,,,,,,,,,,,,,,,,,,,,0.0,,,,,,,,maoist,1465.3329999999999
nawalparasi,6,nawalparasi 6,16.24,9.04,20.29,65.84,48.0,48,15.0,85.0,M,,,0,,,,,,,,,,,,,,,,,,,,,,,,0.0,,,,,,,,nepalicongress,1335.8935999999999
nuwakot,1,nuwakot 1,40.0,13.19,24.72,55.41,43.36,28,14.29,85.71,F,,,0,,,,,,,,,,,,,,,,,,,,,,,,0.0,,,,,,,,maoist,2216.4
nuwakot,2,nuwakot 2,36.31,11.51,35.65,54.9,46.92,56,30.77,69.23,M,,,0,,,,,,,,,,,,,,,,,,,,,,,,0.0,,,,,,,,maoist,1993.419
nuwakot,3,nuwakot 3,34.59,16.05,29.82,55.62,45.8,56,0.0,100.0,M,,,0,,,,,,,,,,,,,,,,,,,,,,,,0.0,,,,,,,,maoist,1923.8958000000002
okhaldhunga,1,okhaldhunga 1,31.84,25.86,28.77,49.92,45.0,36,0.0,100.0,M,,,0,,,,,,,,,,,,,,,,,,,,,,,,0.0,,,,,,,,maoist,1589.4528
okhaldhunga,2,okhaldhunga 2,31.99,25.63,29.42,48.23,44.11,38,0.0,100.0,M,,,0,,,,,,,,,,,,,,,,,,,,,,,,0.0,,,,,,,,maoist,1542.8776999999998
paanchthar,1,paanchthar 1,22.45,27.87,27.87,52.8,46.67,64,0.0,100.0,M,,,0,,,,,,,,,,,,,,,,,,,,,,,,0.0,,,,,,,,uml,1471.536
paanchthar,2,paanchthar 2,14.68,28.14,26.28,54.02,47.4,45,0.0,100.0,M,,,0,,,,,,,,,,,,,,,,,,,,,,,,0.0,,,,,,,,uml,1520.1227999999999
palpa,1,palpa 1,15.21,46.12,30.32,56.86,42.38,47,25.0,75.0,M,,,0,,,,,,,,,,,,,,,,,,,,,,,,0.0,,,,,,,,uml,2622.3832
palpa,2,palpa 2,30.62,27.38,25.85,53.36,42.67,32,11.11,88.89,F,,,0,,,,,,,,,,,,,,,,,,,,,,,,0.0,,,,,,,,maoist,1633.8832000000002
palpa,3,palpa 3,26.42,31.23,30.26,54.21,41.5,56,0.0,100.0,M,,,0,,,,,,,,,,,,,,,,,,,,,,,,0.0,,,,,,,,uml,1692.9783000000002
parsa,1,parsa 1,4.58,6.65,22.54,58.86,42.54,32,20.83,79.17,F,,,0,,,,,,,,,,,,,,,,,,,,,,,,0.0,,,,,,,,nepalicongress,1326.7043999999999
parsa,2,parsa 2,6.6,14.07,19.79,61.11,41.17,43,17.39,82.61,M,,,0,,,,,,,,,,,,,,,,,,,,,,,,0.0,,,,,,,,nepalicongress,1209.3669
parsa,3,parsa 3,8.77,11.52,24.07,63.33,41.06,41,5.56,94.44,M,,,0,,,,,,,,,,,,,,,,,,,,,,,,0.0,,,,,,,,nepalicongress,1524.3531
parsa,4,parsa 4,8.4,21.06,22.89,64.47,45.4,43,6.67,93.33,M,,,0,,,,,,,,,,,,,,,,,,,,,,,,0.0,,,,,,,,nepalicongress,1475.7183
parsa,5,parsa 5,12.12,12.38,29.44,60.12,39.21,51,0.0,100.0,M,,,0,,,,,,,,,,,,,,,,,,,,,,,,0.0,,,,,,,,nepalicongress,1769.9328
parvat,1,parvat 1,31.42,25.52,32.86,54.43,44.67,51,13.33,86.67,M,,,0,,,,,,,,,,,,,,,,,,,,,,,,0.0,,,,,,,,nepalicongress,1788.5698
parvat,2,parvat 2,39.52,25.35,22.61,51.18,47.23,37,7.69,92.31,M,,,0,,,,,,,,,,,,,,,,,,,,,,,,0.0,,,,,,,,maoist,2022.6336000000003
pyuthan,1,pyuthan 1,31.05,21.11,11.78,56.33,44.88,44,0.0,100.0,M,,,0,,,,,,,,,,,,,,,,,,,,,,,,0.0,,,,,,,,maoist,1749.0465
pyuthan,2,pyuthan 2,27.6,18.43,18.12,56.77,53.67,65,11.11,88.89,M,,,0,,,,,,,,,,,,,,,,,,,,,,,,0.0,,,,,,,,maoist,1566.852
ramechhap,1,ramechhap 1,40.17,17.87,22.62,46.61,43.2,35,0.0,100.0,M,,,0,,,,,,,,,,,,,,,,,,,,,,,,0.0,,,,,,,,maoist,1872.3237
ramechhap,2,ramechhap 2,54.21,13.58,11.18,57.02,37.47,35,6.67,93.33,M,,,0,,,,,,,,,,,,,,,,,,,,,,,,0.0,,,,,,,,maoist,3091.0542
rasuwa,1,rasuwa 1,45.93,24.77,16.55,63.27,40.86,32,14.29,85.71,M,,,0,,,,,,,,,,,,,,,,,,,,,,,,0.0,,,,,,,,maoist,2905.9910999999997
rautahat,1,rautahat 1,9.19,11.37,12.52,59.26,42.32,31,7.14,92.86,M,,,0,,,,,,,,,,,,,,,,,,,,,,,,0.0,,,,,,,,nepalicongress,741.9352
rautahat,2,rautahat 2,11.27,14.69,24.49,68.33,38.26,45,3.7,96.3,M,,,0,,,,,,,,,,,,,,,,,,,,,,,,0.0,,,,,,,,nepalicongress,1673.4017
rautahat,3,rautahat 3,26.19,9.79,9.66,66.39,38.45,36,4.55,95.45,M,,,0,,,,,,,,,,,,,,,,,,,,,,,,0.0,,,,,,,,maoist,1738.7541
rautahat,4,rautahat 4,19.25,12.3,16.23,66.94,40.92,40,8.33,91.67,M,,,0,,,,,,,,,,,,,,,,,,,,,,,,0.0,,,,,,,,maoist,1288.595
rautahat,5,rautahat 5,26.78,12.44,13.57,67.85,41.12,49,0.0,100.0,M,,,0,,,,,,,,,,,,,,,,,,,,,,,,0.0,,,,,,,,maoist,1817.023
rautahat,6,rautahat 6,23.18,19.8,13.56,63.55,42.92,37,12.5,87.5,M,,,0,,,,,,,,,,,,,,,,,,,,,,,,0.0,,,,,,,,maoist,1473.089
rolpa,1,rolpa 1,63.14,5.67,12.3,53.76,46.64,34,9.09,90.91,F,,,0,,,,,,,,,,,,,,,,,,,,,,,,0.0,,,,,,,,maoist,3394.4064
rolpa,2,rolpa 2,69.03,11.38,10.73,57.45,41.88,52,12.5,87.5,M,,,0,,,,,,,,,,,,,,,,,,,,,,,,0.0,,,,,,,,maoist,3965.7735000000002
rukum,1,rukum 1,71.53,9.21,10.96,62.79,40.13,30,37.5,62.5,F,,,0,,,,,,,,,,,,,,,,,,,,,,,,0.0,,,,,,,,maoist,4491.3687
rukum,2,rukum 2,60.44,12.17,19.34,71.69,42.88,46,0.0,100.0,M,,,0,,,,,,,,,,,,,,,,,,,,,,,,0.0,,,,,,,,maoist,4332.9436
rupandehi,1,rupandehi 1,26.08,19.71,20.31,62.38,45.52,38,13.04,86.96,M,,,0,,,,,,,,,,,,,,,,,,,,,,,,0.0,,,,,,,,maoist,1626.8703999999998
rupandehi,2,rupandehi 2,20.58,19.17,18.84,58.29,46.14,27,0.0,100.0,M,,,0,,,,,,,,,,,,,,,,,,,,,,,,0.0,,,,,,,,maoist,1199.6082
rupandehi,3,rupandehi 3,25.15,27.01,29.07,64.72,42.92,46,20.0,80.0,M,,,0,,,,,,,,,,,,,,,,,,,,,,,,0.0,,,,,,,,nepalicongress,1881.4104
rupandehi,4,rupandehi 4,30.84,29.91,25.1,55.13,48.1,48,5.0,95.0,M,,,0,,,,,,,,,,,,,,,,,,,,,,,,0.0,,,,,,,,maoist,1700.2092
rupandehi,5,rupandehi 5,23.82,22.7,18.23,61.97,39.87,45,0.0,100.0,M,,,0,,,,,,,,,,,,,,,,,,,,,,,,0.0,,,,,,,,maoist,1476.1254
rupandehi,6,rupandehi 6,7.76,3.77,13.55,59.97,46.64,33,9.09,90.91,M,,,0,,,,,,,,,,,,,,,,,,,,,,,,0.0,,,,,,,,nepalicongress,812.5935000000001
rupandehi,7,rupandehi 7,10.31,5.8,11.54,62.18,42.26,39,3.7,96.3,M,,,0,,,,,,,,,,,,,,,,,,,,,,,,0.0,,,,,,,,nepalicongress,717.5572
salyan,1,salyan 1,51.08,18.8,16.25,63.54,41.0,42,12.5,87.5,M,,,0,,,,,,,,,,,,,,,,,,,,,,,,0.0,,,,,,,,maoist,3245.6232
salyan,2,salyan 2,35.74,26.02,22.18,55.93,44.45,46,0.0,100.0,M,,,0,,,,,,,,,,,,,,,,,,,,,,,,0.0,,,,,,,,maoist,1998.9382
sankhuwasabha,1,sankhuwasabha 1,35.33,28.07,23.17,46.92,50.11,43,0.0,100.0,M,,,0,,,,,,,,,,,,,,,,,,,,,,,,0.0,,,,,,,,maoist,1657.6836
sankhuwasabha,2,sankhuwasabha 2,27.92,32.93,24.25,48.19,45.64,42,0.0,100.0,M,,,0,,,,,,,,,,,,,,,,,,,,,,,,0.0,,,,,,,,uml,1586.8967
saptari,1,saptari 1,16.98,12.86,6.7,65.06,42.42,48,0.0,100.0,M,,,0,,,,,,,,,,,,,,,,,,,,,,,,0.0,,,,,,,,maoist,1104.7188
saptari,2,saptari 2,8.53,7.24,8.43,57.78,47.08,47,8.33,91.67,M,,,0,,,,,,,,,,,,,,,,,,,,,,,,0.0,,,,,,,,maoist,492.8633999999999
saptari,3,saptari 3,8.01,5.79,14.28,57.43,48.43,37,3.57,96.43,M,,,0,,,,,,,,,,,,,,,,,,,,,,,,0.0,,,,,,,,nepalicongress,820.1003999999999
saptari,4,saptari 4,6.13,9.38,11.44,71.54,43.84,39,12.0,88.0,F,,,0,,,,,,,,,,,,,,,,,,,,,,,,0.0,,,,,,,,nepalicongress,818.4176000000001
saptari,5,saptari 5,12.56,14.18,9.56,66.26,45.0,49,11.54,88.46,M,,,0,,,,,,,,,,,,,,,,,,,,,,,,0.0,,,,,,,,uml,939.5668000000002
saptari,6,saptari 6,5.19,9.75,7.28,66.99,46.35,49,11.76,88.24,M,,,0,,,,,,,,,,,,,,,,,,,,,,,,0.0,,,,,,,,uml,653.1524999999999
sarlahi,1,sarlahi 1,22.29,22.16,12.46,58.04,43.38,49,14.29,85.71,M,,,0,,,,,,,,,,,,,,,,,,,,,,,,0.0,,,,,,,,maoist,1293.7115999999999
sarlahi,2,sarlahi 2,11.62,14.43,7.52,66.21,44.32,40,0.0,100.0,M,,,0,,,,,,,,,,,,,,,,,,,,,,,,0.0,,,,,,,,uml,955.4102999999998
sarlahi,3,sarlahi 3,14.57,16.15,8.71,64.2,40.68,47,4.55,95.45,F,,,0,,,,,,,,,,,,,,,,,,,,,,,,0.0,,,,,,,,uml,1036.83
sarlahi,4,sarlahi 4,3.99,9.46,9.03,65.58,44.42,49,3.85,96.15,M,,,0,,,,,,,,,,,,,,,,,,,,,,,,0.0,,,,,,,,uml,620.3868
sarlahi,5,sarlahi 5,4.24,3.13,11.12,68.19,44.94,42,3.03,96.97,M,,,0,,,,,,,,,,,,,,,,,,,,,,,,0.0,,,,,,,,nepalicongress,758.2728
sarlahi,6,sarlahi 6,0.87,6.42,15.99,68.07,40.36,38,4.55,95.45,M,,,0,,,,,,,,,,,,,,,,,,,,,,,,0.0,,,,,,,,nepalicongress,1088.4393
sindhuli,1,sindhuli 1,30.8,31.87,24.44,57.11,38.4,40,20.0,80.0,M,,,0,,,,,,,,,,,,,,,,,,,,,,,,0.0,,,,,,,,uml,1820.0956999999999
sindhuli,2,sindhuli 2,37.54,24.23,22.5,55.24,47.42,60,0.0,100.0,M,,,0,,,,,,,,,,,,,,,,,,,,,,,,0.0,,,,,,,,maoist,2073.7096
sindhuli,3,sindhuli 3,41.3,16.16,18.59,52.75,43.5,38,16.67,83.33,F,,,0,,,,,,,,,,,,,,,,,,,,,,,,0.0,,,,,,,,maoist,2178.575
sindhupalchok,1,sindhupalchok 1,39.4,23.98,13.22,57.53,43.56,32,6.25,93.75,M,,,0,,,,,,,,,,,,,,,,,,,,,,,,0.0,,,,,,,,maoist,2266.682
sindhupalchok,2,sindhupalchok 2,53.62,19.32,10.46,59.06,43.81,50,6.25,93.75,M,,,0,,,,,,,,,,,,,,,,,,,,,,,,0.0,,,,,,,,maoist,3166.7972
sindhupalchok,3,sindhupalchok 3,28.75,29.33,14.74,58.55,42.5,34,0.0,100.0,M,,,0,,,,,,,,,,,,,,,,,,,,,,,,0.0,,,,,,,,uml,1717.2715
siraha,1,siraha 1,9.12,15.38,15.99,61.76,42.52,57,4.35,95.65,M,,,0,,,,,,,,,,,,,,,,,,,,,,,,0.0,,,,,,,,nepalicongress,987.5424
siraha,2,siraha 2,8.88,16.92,14.55,62.58,40.12,62,8.0,92.0,M,,,0,,,,,,,,,,,,,,,,,,,,,,,,0.0,,,,,,,,uml,1058.8536000000001
siraha,3,siraha 3,6.29,16.79,20.34,57.78,39.68,31,9.68,90.32,M,,,0,,,,,,,,,,,,,,,,,,,,,,,,0.0,,,,,,,,nepalicongress,1175.2452
siraha,4,siraha 4,7.48,20.51,13.23,61.08,41.88,37,8.33,91.67,M,,,0,,,,,,,,,,,,,,,,,,,,,,,,0.0,,,,,,,,uml,1252.7508
siraha,5,siraha 5,27.89,16.27,7.67,58.3,45.22,34,4.35,95.65,M,,,0,,,,,,,,,,,,,,,,,,,,,,,,0.0,,,,,,,,maoist,1625.9869999999999
siraha,6,siraha 6,17.23,9.12,10.57,60.6,40.32,34,7.14,92.86,M,,,0,,,,,,,,,,,,,,,,,,,,,,,,0.0,,,,,,,,maoist,1044.1380000000001
solukhumbu,1,solukhumbu 1,35.95,20.08,24.66,47.99,43.0,42,0.0,100.0,M,,,0,,,,,,,,,,,,,,,,,,,,,,,,0.0,,,,,,,,maoist,1725.2405
sunsari,1,sunsari 1,40.41,23.9,15.19,50.34,41.44,32,12.5,87.5,M,,,0,,,,,,,,,,,,,,,,,,,,,,,,0.0,,,,,,,,maoist,2034.2393999999997
sunsari,2,sunsari 2,24.02,32.48,18.22,56.83,43.45,50,9.09,90.91,M,,,0,,,,,,,,,,,,,,,,,,,,,,,,0.0,,,,,,,,uml,1845.8383999999999
sunsari,3,sunsari 3,11.04,13.28,19.32,71.05,42.74,53,21.74,78.26,M,,,0,,,,,,,,,,,,,,,,,,,,,,,,0.0,,,,,,,,nepalicongress,1372.6860000000001
sunsari,4,sunsari 4,10.06,16.65,19.14,63.0,44.07,66,0.0,100.0,M,,,0,,,,,,,,,,,,,,,,,,,,,,,,0.0,,,,,,,,nepalicongress,1205.8200000000002
sunsari,5,sunsari 5,2.13,18.46,19.95,64.81,38.93,48,3.57,96.43,M,,,0,,,,,,,,,,,,,,,,,,,,,,,,0.0,,,,,,,,nepalicongress,1292.9595
sunsari,6,sunsari 6,24.93,33.49,19.05,53.51,47.1,47,5.0,95.0,M,,,0,,,,,,,,,,,,,,,,,,,,,,,,0.0,,,,,,,,uml,1792.0499000000002
surkhet,1,surkhet 1,27.28,38.75,27.84,64.08,50.0,45,10.0,90.0,F,,,0,,,,,,,,,,,,,,,,,,,,,,,,0.0,,,,,,,,uml,2483.1
surkhet,2,surkhet 2,32.33,30.46,27.43,62.59,44.5,45,25.0,75.0,M,,,0,,,,,,,,,,,,,,,,,,,,,,,,0.0,,,,,,,,maoist,2023.5347
surkhet,3,surkhet 3,39.06,25.14,19.16,56.01,43.64,39,7.14,92.86,M,,,0,,,,,,,,,,,,,,,,,,,,,,,,0.0,,,,,,,,maoist,2187.7506
syangja,1,syangja 1,26.58,33.11,30.66,48.01,47.18,46,0.0,100.0,M,,,0,,,,,,,,,,,,,,,,,,,,,,,,0.0,,,,,,,,uml,1589.6111
syangja,2,syangja 2,25.59,24.9,36.46,46.22,45.29,60,21.43,78.57,M,,,0,,,,,,,,,,,,,,,,,,,,,,,,0.0,,,,,,,,nepalicongress,1685.1812000000002
syangja,3,syangja 3,22.03,32.24,34.24,54.99,51.6,44,10.0,90.0,M,,,0,,,,,,,,,,,,,,,,,,,,,,,,0.0,,,,,,,,nepalicongress,1882.8576000000003
tanahu,1,tanahu 1,34.07,22.23,24.36,48.71,49.2,53,0.0,100.0,M,,,0,,,,,,,,,,,,,,,,,,,,,,,,0.0,,,,,,,,maoist,1659.5497
tanahu,2,tanahu 2,24.13,18.56,39.51,48.18,46.69,63,25.0,75.0,M,,,0,,,,,,,,,,,,,,,,,,,,,,,,0.0,,,,,,,,nepalicongress,1903.5918
tanahu,3,tanahu 3,24.27,31.97,29.14,51.57,51.0,47,12.5,87.5,M,,,0,,,,,,,,,,,,,,,,,,,,,,,,0.0,,,,,,,,uml,1648.6929
taplejung,1,taplejung 1,26.06,24.46,27.26,51.83,52.25,64,0.0,100.0,M,,,0,,,,,,,,,,,,,,,,,,,,,,,,0.0,,,,,,,,nepalicongress,1412.8858
taplejung,2,taplejung 2,26.69,30.99,19.14,48.91,42.0,50,0.0,100.0,M,,,0,,,,,,,,,,,,,,,,,,,,,,,,0.0,,,,,,,,uml,1515.7209
tehrathum,1,tehrathum 1,19.91,29.15,33.27,53.7,41.38,52,7.69,92.31,M,,,0,,,,,,,,,,,,,,,,,,,,,,,,0.0,,,,,,,,nepalicongress,1786.5990000000004
udaypur,1,udaypur 1,32.12,22.65,28.49,53.28,45.25,55,8.33,91.67,M,,,0,,,,,,,,,,,,,,,,,,,,,,,,0.0,,,,,,,,maoist,1711.3536
udaypur,2,udaypur 2,32.95,26.21,21.46,52.55,43.6,28,13.33,86.67,F,,,0,,,,,,,,,,,,,,,,,,,,,,,,0.0,,,,,,,,maoist,1731.5225
udaypur,3,udaypur 3,38.12,23.51,22.87,48.89,46.55,32,9.09,90.91,M,,,0,,,,,,,,,,,,,,,,,,,,,,,,0.0,,,,,,,,maoist,1863.6868
